,DET,NOUN,ADJ,VERB,ADP,PUNCT,CCONJ,ADV,PRON,AUX,SCONJ,PROPN,NUM,X,SYM,SPACE,INTJ
0,1,1,,3,,,,,4,1,,,,,,,
1,2,1,2,3,1,1,,2,3,1,,,,,,,
2,1,1,3,,,3,1,3,,1,,,,,,,
3,1,1,2,,,1,1,2,2,2,,,,,,,
4,10,13,9,7,11,6,5,8,11,,2,1,,,,,
5,3,3,1,8,2,7,1,2,6,,2,,,,,,
6,3,7,1,1,2,3,,,,,,,,,,,
7,2,3,,2,1,,,1,,,,,,,,,
8,8,11,3,4,7,1,4,1,1,2,,,,,,,
9,,1,,3,,2,,2,3,,,,,,,,
10,,,,1,,1,,,2,1,,1,,,,,
11,2,5,1,3,1,1,1,,,,,,,,,,
12,4,4,2,1,3,3,1,2,,1,,1,,,,,
13,2,2,2,1,2,1,,,,,,2,,,,,
14,1,1,,1,,1,,,,1,,,,,,,
15,3,2,,2,1,1,,1,1,1,1,1,1,,,,
16,3,3,1,3,1,2,,,,2,,,,,,,
17,2,3,,4,2,1,,,1,,,,,,,,
18,,,,4,1,3,,2,5,,,1,,,,,
19,1,3,,1,,2,1,,1,,,,2,,,,
20,9,22,4,5,18,12,2,1,6,,,,,,,,
21,,4,,2,,2,,,,,1,,8,,,,
22,4,4,1,1,2,1,,,,,,,,,,,
23,3,5,4,2,4,1,2,1,1,1,1,,,,,,
24,2,3,1,1,1,2,,,3,,2,,,,,,
25,12,22,9,9,14,10,4,5,15,2,1,1,,,,,
26,1,3,,3,2,,,,2,,,,,,,,
27,,,,1,,,,,1,1,,,,,,,
28,1,2,1,1,1,,,1,2,,1,,,,,,
29,,6,3,2,3,1,2,,,,,,1,,,,
30,,2,,,2,1,,1,1,1,,,,,,,
31,5,5,,1,1,2,1,,2,2,,,2,,,,
32,,,,3,,3,,,4,1,,1,,,,1,
33,1,,,1,,1,1,4,,,,1,,,,,
34,2,1,,3,1,1,,,3,1,,1,,,,,
35,,,,2,1,1,,,3,1,,,,,,,
36,4,5,3,4,2,3,,3,,2,2,,1,,,,
37,1,1,,4,,1,,,2,1,1,,,,,,
38,1,2,2,,,1,,,,,,,,,,,
39,2,3,2,2,3,2,1,,1,,,1,1,,,,
40,3,5,2,3,4,3,,2,4,,,,,,,,
41,4,5,5,2,5,4,,2,1,,,4,,,,,
42,1,1,,3,,3,,,3,1,1,,,,,,
43,8,12,4,2,12,5,1,2,1,4,,3,1,,,,
44,8,12,2,3,8,8,2,3,4,1,1,2,3,,,,
45,3,4,2,4,5,2,,1,1,,1,2,,,,,
46,1,3,,2,3,1,1,1,2,,,,,,,,
47,8,9,6,10,6,8,,2,9,,1,,1,,,,
48,1,2,1,,1,1,,,,1,,,,,,,
49,3,3,,4,3,2,1,2,1,,,,,,,,
50,13,18,6,7,15,3,1,3,,3,1,,2,,,,
51,1,1,,,,2,,,1,1,,1,,,,,
52,3,4,1,3,3,1,1,1,1,1,,1,,,,,
53,1,3,,2,2,1,,2,1,,,,,,,,
54,,1,,,,1,1,,,,,,,,,,
55,4,5,3,1,4,1,1,,,1,,,,,,,
56,4,8,1,2,3,2,1,1,1,,,1,,,,,
57,9,11,3,5,9,1,2,2,2,1,2,,,,,,
58,6,9,7,3,10,3,1,1,,,,,,,,,
59,1,2,,2,,1,1,2,3,1,,,,,,,
60,2,3,1,,2,1,,1,,1,,,,,,,
61,2,4,,1,4,1,,,,,,,,,,,
62,5,6,2,2,3,2,1,1,2,1,,,,,,,
63,3,6,3,4,3,5,1,3,3,1,1,1,3,,,,
64,3,3,3,1,2,2,,,1,,,,,,,,
65,2,2,2,,1,1,,,,1,,,,,,,
66,3,4,2,1,3,1,,1,,,,,,,,,
67,1,2,1,1,1,2,,1,1,1,,,,,,,
68,2,2,1,1,1,1,,,1,,,,,,,,
69,10,11,1,5,5,4,3,6,5,1,1,,,,,,
70,,,,1,,1,,1,1,,,,,,,,
71,3,7,,1,3,2,1,2,,1,,,2,,,,
72,1,1,1,1,1,1,,2,,1,,,,,,,
73,2,2,1,2,1,1,,,1,1,,,,,,,
74,3,3,,4,,2,,,4,1,,1,,,,,
75,,1,,4,2,3,,4,3,,1,,,,,,
76,,1,1,1,,,,,,,,,,,,,
77,4,11,3,3,9,3,1,,,,,1,2,,,,
78,,,2,4,,3,,3,6,1,,,,,,,
79,2,3,2,1,1,2,,,1,2,1,,,,,,
80,1,3,,1,3,1,,1,1,,,1,,,,,
81,1,1,1,1,,1,,,1,,,,,,,,
82,3,3,1,2,2,1,1,,3,,,,,,,,
83,5,5,,3,4,1,,2,1,1,,,,,,,
84,2,2,,1,1,1,,,1,1,,,,,,,
85,6,8,2,3,5,4,2,1,2,4,1,,2,,,,
86,3,3,,2,1,,,2,3,2,,,,,,,
87,2,2,1,2,1,,,1,2,,,,,,,,
88,7,12,3,4,10,8,3,4,,,,1,3,,,,
89,3,4,,4,4,1,,2,3,,,,,,,,
90,5,11,4,4,7,7,2,1,1,,,2,,1,,,
91,6,6,2,2,1,6,,1,1,,,1,,,,,
92,3,8,1,4,4,8,,2,4,1,,3,,1,,,
93,6,5,4,5,6,3,1,1,4,,,2,1,,,,
94,1,2,,2,1,1,,1,1,,,,,,,,
95,3,3,1,1,2,1,,,2,1,,,,1,,,
96,3,2,1,1,1,1,,,,1,,,,1,,,
97,,,1,,,2,1,3,1,1,,1,,,,,
98,7,9,,2,10,7,,,3,,,,,,,,
99,6,6,8,5,3,1,1,4,4,1,1,,,,,,
100,8,11,2,5,7,,1,2,3,1,,,,,,,
101,4,6,1,3,6,3,,,1,1,,,1,,,,
102,1,1,,1,1,1,,1,2,,,,,,,,
103,1,1,1,4,2,2,,3,2,1,,,,,,,
104,5,5,1,1,4,,,,1,2,,,,,,,
105,2,4,1,1,3,1,,,,,,,,,,,
106,1,,2,,,1,,1,,1,,,,,,,
107,2,5,1,1,3,1,1,1,2,,,,,,,,
108,2,3,,1,2,2,,2,2,,,,,,,,
109,6,7,6,2,7,3,2,3,2,1,,,1,,,,
110,3,4,1,2,3,1,,,,,,,,,,,
111,1,3,,,2,,1,,,1,,1,,,,,
112,6,6,2,2,4,3,1,,1,,,,1,,,,
113,4,7,3,2,3,2,,,2,,,,,,,,
114,7,10,2,3,9,4,1,3,1,1,,,,,,,
115,2,2,2,,1,1,1,2,,1,,,,,,,
116,2,5,1,1,6,,,2,,2,,3,1,,,,
117,,,,,2,2,1,6,3,,1,1,,,,,
118,3,7,,5,6,2,,2,3,,,,,,,,
119,2,2,3,,1,5,2,1,1,1,,4,,,,,
120,1,,1,3,1,1,1,2,3,,,,,,,,
121,3,5,3,4,5,5,1,1,2,1,2,,,,,,
122,2,6,,1,4,1,,,2,,,,,,,,
123,4,6,3,4,4,6,1,1,1,1,1,,1,,,,
124,,2,1,1,2,1,,1,2,,,,,,,,
125,4,10,3,1,8,6,2,2,2,1,1,,,,,,
126,5,6,,2,3,5,,,1,,,3,,,,,
127,4,7,2,4,3,2,,,,,,,,,,,
128,3,6,1,5,4,4,1,3,3,1,1,,,,,,
129,5,10,2,4,6,3,,,,1,,11,,,,,
130,2,2,1,,1,1,,,1,1,,,,,,,
131,2,2,,2,1,2,,,2,1,,,,,,,
132,2,2,3,,1,2,1,2,,1,,,,,,,
133,1,1,,2,1,1,,1,2,,,,,,,,
134,4,6,1,2,4,1,,,2,,,,,,,,
135,3,5,3,3,2,1,,,1,1,1,1,1,,,,
136,,,,2,,1,,,4,2,,,,,,,
137,3,6,,4,2,8,,3,4,,,1,,,,,
138,2,1,1,1,2,1,,1,2,1,,,,,,,
139,2,4,1,2,2,1,,,,1,1,,,,,,
140,1,1,1,1,1,,,2,1,,,,,,,,
141,6,9,6,5,6,3,2,2,,2,1,,,,,,
142,8,12,4,6,8,3,2,4,1,1,2,,,,,,
143,21,31,6,17,30,12,9,11,12,2,2,2,,,,,
144,2,5,1,,3,2,,,,,,,1,,,,
145,2,3,1,2,,3,,,3,,,,,,,,
146,,2,1,3,1,2,,,1,,,,,,,,
147,8,10,1,2,5,4,,3,1,1,,,,,,,
148,2,2,1,1,1,1,,1,1,,,,,,,,
149,1,3,1,4,3,6,3,6,5,1,4,4,,,,,
150,5,5,1,3,3,3,1,,1,2,,3,,,,,
151,1,5,,,5,1,,,,,,,,,,,
152,,,,1,1,1,,,2,,,1,,,,,
153,1,1,,2,,1,,2,1,1,1,,,,,,
154,2,2,,,1,1,,,2,1,,1,,,,,
155,2,6,2,3,7,3,,5,3,1,2,2,,,,,
156,,6,4,3,8,2,2,1,1,,,2,,,,,
157,,,1,,,1,,,2,1,,,,,,,
158,1,2,,1,,1,,1,,,,,,,,,
159,1,2,2,2,2,2,,1,4,2,1,,,,,,
160,3,3,,2,2,1,1,,3,1,,1,1,,,,
161,1,1,,1,1,1,,,1,,,,,,,,
162,3,5,1,1,3,1,,3,1,1,,,,,,,
163,2,1,,3,,1,1,,1,1,,2,,,,,
164,4,8,1,1,7,2,1,,1,1,,,,,,,
165,6,19,4,3,14,4,3,,,1,,,,,,,
166,1,2,,1,2,1,,,,,,1,,,,,
167,1,2,1,1,2,1,,,2,,,,,,,,
168,3,6,3,2,5,3,,1,1,1,1,2,,,,,
169,2,2,,1,1,1,,,1,1,,,,,,,
170,1,,,1,,1,,2,,,,1,,,,,
171,3,2,,1,,2,,1,1,,,1,,,,,
172,,,,,1,1,,,1,,,3,,,,,
173,,,1,2,1,1,,2,3,2,,,,,,,
174,2,4,,1,2,1,,,2,,,1,,,,,
175,4,5,3,2,2,2,1,2,,,,,,,,,
176,5,7,1,2,6,,,,,,,1,1,,,,
177,9,9,3,3,3,3,,1,1,,1,,,,,,
178,,2,1,2,3,2,,,2,1,,,1,,,,
179,4,7,1,7,6,3,1,5,6,2,2,,,,,,
180,3,5,,4,2,1,1,,1,,,1,,,,,
181,4,5,,5,4,3,1,2,2,1,1,2,1,,,,
182,3,3,,3,2,1,2,3,1,,,,,,,,
183,6,5,1,1,2,3,,,5,2,,,,,,,
184,3,4,2,3,3,2,,,,,,,,,,,
185,2,3,,3,2,2,1,,1,,1,1,,,,,
186,4,5,,4,5,1,1,2,4,,1,2,,,,,
187,2,3,2,1,1,2,,1,1,,1,,,,,,
188,5,6,3,4,8,3,2,3,3,1,1,1,,,,,
189,1,4,1,4,1,5,,,3,1,,,,,,,
190,1,1,,1,1,1,,,1,,,,,,,,
191,7,8,2,5,1,8,1,,4,3,1,1,,,,,
192,5,4,5,2,2,,1,,,,,1,,,,,
193,10,13,3,6,9,7,1,3,3,1,1,2,,,,,
194,2,3,1,2,3,2,,,1,,,,,,,,
195,1,2,1,1,1,1,,1,1,,,,,,,,
196,5,7,3,2,6,1,,,,,,,1,,,,
197,1,3,1,2,2,3,1,,1,,,2,2,,,,
198,4,2,2,2,,5,,4,2,1,,,,1,,,
199,,2,,3,1,3,,2,1,2,,,,,,,
200,3,5,,4,5,1,,,2,1,,1,2,,,,
201,4,5,2,3,3,1,,,2,,,,,,,,
202,1,2,1,,1,1,,,,1,,1,1,,,,
203,1,1,1,,1,1,,,,,,1,,,,,
204,6,6,2,2,3,2,1,,2,,,,,,,,
205,2,1,,2,,2,,3,1,,,,,,,,
206,2,3,,1,3,2,,,1,1,,,,,,,
207,2,4,,1,4,2,,1,1,1,,2,1,,,,
208,2,2,,2,1,,,2,2,,2,,1,,,,
209,1,1,,,,1,,,,,,2,,,,,
210,2,5,,1,2,2,1,3,1,,,,,,,,
211,1,2,1,1,,1,1,,3,2,,,1,,,,
212,3,3,,1,4,1,,,2,1,,1,1,,,,
213,1,5,,1,3,2,,,,,,2,,,,,
214,4,7,1,4,8,7,1,2,1,3,,,,,,,
215,2,2,,1,1,1,,,2,,,,,,,,
216,2,3,1,2,2,1,,,,,,,,,,,
217,4,18,4,2,11,9,4,,,1,,1,,,,,
218,,1,1,1,,1,,,3,1,1,,,,,,
219,2,3,,2,5,1,,,1,2,,1,1,,,,
220,2,3,1,2,3,1,,1,,,,,,,,,
221,7,9,5,10,5,3,2,3,1,2,,,,,,,
222,,1,,2,,1,,,1,,,,,,,,
223,3,4,,2,6,4,1,,2,2,,4,,,,,
224,,1,,,3,1,,1,,1,,1,,,,,
225,3,9,,4,3,5,2,3,3,,,,,,,,
226,1,1,,5,2,1,,3,5,,1,1,,,,,
227,2,1,1,2,2,1,,2,,,,,,,,,
228,1,1,,,,3,2,3,2,,,,,,,,
229,2,3,,1,1,2,1,,1,,,,,,,,
230,,6,,,1,4,,,,,,,6,,,,
231,4,4,3,3,5,1,1,1,1,,,1,,,,,
232,5,5,2,1,3,1,1,1,,,,,,,,,
233,,2,,1,2,1,,,2,,,,1,,,,
234,,1,,2,2,1,,1,2,1,1,,,,,,
235,4,7,1,1,4,2,2,1,,,,,1,,,,
236,1,8,2,4,5,4,,2,2,,,,1,,,,
237,2,2,,1,,1,2,,,,,,,,,,
238,1,1,1,3,1,2,,1,2,,1,,,,,,
239,1,2,,1,3,1,,,1,,,1,,,,,
240,3,7,2,1,6,3,,1,4,,,,,,,,
241,5,5,2,3,2,2,2,1,2,,,,,,,,
242,,,,1,,,,1,2,,,,,,,,
243,,2,,3,2,,,3,1,,,,,,,,
244,2,3,,,2,1,,1,,,,,,,,,
245,,,1,,,2,,,4,1,1,2,,,,,
246,2,2,1,3,,3,,,2,,1,,,,,,
247,2,8,,4,5,1,1,,1,,,3,1,,,,
248,1,1,,3,1,1,,1,3,,,,,,,,
249,3,8,,2,6,4,1,3,2,1,1,,2,,,,
250,4,3,1,4,2,2,1,3,3,,,,,,,,
251,4,4,,1,3,2,,,1,,,,,,,,
252,2,2,1,1,1,1,,,1,,,,,,,,
253,2,1,4,1,1,1,2,3,,1,,,,,,,
254,3,5,,,2,2,,,,,,2,,,,,
255,16,26,4,7,14,14,6,5,3,,2,2,,,,,
256,3,3,1,3,2,1,1,2,3,1,3,1,,,,,
257,1,1,,1,,1,,,1,,,,,,,,
258,2,2,1,1,1,,,,,,,1,,,,,
259,22,32,7,20,25,16,5,6,14,4,3,3,,1,,,
260,1,2,,1,2,1,,3,,,,,,,,,
261,2,1,,1,,1,,,2,1,,1,,,,,
262,,,1,,,2,,1,,,,1,,,,,
263,3,4,2,2,2,2,1,,3,,,,,,,,
264,3,5,1,2,2,,1,2,,1,,1,2,,,,
265,3,3,2,1,1,2,,1,,1,,,,,,,
266,4,7,1,2,5,4,1,2,2,1,,,1,,,,
267,4,4,,2,2,2,,1,1,1,,,,,,,
268,3,5,2,4,2,1,1,3,1,1,1,,,,,,
269,9,13,3,5,9,5,3,3,2,1,1,,,,,,
270,1,1,,2,1,1,,,2,,,,,,,,
271,,,,2,,2,1,,3,,,,,,,,
272,,,,4,,2,,,3,,1,,,,,,
273,3,7,1,4,4,3,1,,3,1,,,1,,,,
274,4,5,,2,3,1,1,,4,,,,,,,,
275,1,2,,1,1,1,,,,,,,,,,,
276,3,5,3,2,3,4,1,1,,1,,1,,,,,
277,2,2,3,,1,2,,1,,1,,,,,,,
278,1,4,,3,3,3,1,4,2,2,,1,,,,,
279,3,6,,4,4,,,,1,,,,,,,,
280,1,1,,1,1,1,,,1,,,,,,,,
281,7,14,1,5,9,8,1,1,2,1,,4,1,,,,
282,9,10,3,3,9,3,,1,1,2,,3,,,,,
283,,,,2,1,2,,2,3,,,,,,,,
284,2,3,,,2,2,,,1,1,,1,,,,,
285,1,2,1,,2,1,1,3,,,,,,,,,
286,2,5,1,,2,1,,,,,,,,,,,
287,11,24,10,11,17,15,1,16,7,3,2,1,,,,,
288,3,7,3,2,7,2,2,2,1,,,,,,,,
289,6,10,2,5,7,3,1,2,2,1,,,,,,,
290,2,4,,3,5,2,,,,,,2,,,,,
291,2,3,3,4,4,2,,1,2,,1,,,,,,
292,,2,1,2,3,2,,,3,1,,,,,,,
293,2,2,1,2,1,1,,2,1,,,,,,,,
294,9,10,2,2,5,3,2,1,1,1,,,,,,,
295,9,12,4,5,6,3,2,,,,,,,,,,
296,2,2,1,1,2,1,,,,1,,2,,,,,
297,5,6,,2,3,3,1,1,3,,1,,,,,,
298,1,3,,5,3,1,,1,4,,,,,,,,
299,1,1,1,,1,1,,,2,1,,,1,,,,
300,1,1,,1,,1,,,1,1,,,1,,,,
301,2,1,2,1,1,1,,,1,1,,1,,,,,
302,5,10,4,1,5,2,3,1,,1,1,,,,,,
303,1,1,,1,,1,,2,1,,,,,,,,
304,2,2,1,1,2,2,,1,1,,,1,,,,,
305,1,1,,,,1,,1,,,,,,,,,
306,1,3,,1,2,1,1,,1,,,,,,,,
307,2,6,,3,5,2,1,1,,,1,1,,,,,
308,3,3,2,1,2,2,,2,1,,1,,,,,,
309,3,4,,2,1,2,,,,,,,,,,,
310,3,5,3,2,4,4,,2,,,,,,,,,
311,2,2,,1,1,1,,,1,1,,,,,,,
312,5,9,1,1,7,3,1,3,,1,,,,,,,
313,3,4,1,1,2,2,1,,2,3,1,1,,,,,
314,2,4,1,1,3,2,,2,1,2,,,,,,,
315,12,16,3,6,10,13,1,,7,,1,,1,,,,
316,3,6,,1,4,1,,,2,1,,,1,,,,
317,1,3,2,5,2,2,,2,1,,1,,,,,,
318,3,3,1,1,3,3,1,,3,1,,,1,,,,
319,,,1,1,,1,,1,1,,,,,,,,
320,13,16,2,9,13,16,2,2,12,4,1,1,,,,,
321,2,3,1,1,2,2,,1,1,,,,,,,,
322,4,4,1,2,6,5,,,1,1,1,8,,,,,
323,4,9,1,9,4,3,2,,4,,3,1,,,,2,
324,1,1,1,1,,,,1,1,1,,,,,,,
325,,1,,1,1,,,1,1,,,,,,,,
326,6,8,4,6,4,3,1,,2,1,,,,,,,
327,4,6,2,3,6,2,1,1,1,,,,,,,,
328,2,3,,,2,1,,1,,,,,,,,,
329,3,5,2,1,4,1,1,3,2,,,,,,,,
330,1,3,1,1,2,,,,,,,,,,,,
331,,,,2,1,1,1,5,3,,,,,,,,
332,1,2,1,,1,1,,,1,1,,,,,,,
333,1,3,2,3,5,1,2,,2,,,,,,,,
334,1,1,,2,2,1,,,1,1,,,,,,,
335,2,2,1,1,1,2,,,3,,2,1,,,,,
336,,,1,,,2,,2,1,1,,,,,,,
337,3,1,,1,1,2,1,2,2,,,1,,,,,
338,9,12,6,3,9,2,2,5,,3,1,2,,,,,
339,6,13,3,3,8,5,,3,,,1,,2,,,,
340,4,6,2,2,5,2,,1,2,1,,1,,,,,
341,1,1,,2,,1,1,,3,,,1,,,,,
342,6,5,2,3,3,2,1,5,1,,,2,,,,,
343,5,8,,2,7,4,2,2,1,1,,1,,,,,
344,6,7,2,3,4,5,1,,1,1,,2,2,,,,
345,2,3,1,1,1,,,,,1,,,,,,,
346,,1,,,2,2,,2,1,,,,,,,,
347,7,11,4,6,7,6,2,2,9,,,,,,,,
348,,1,,1,,2,,1,1,,,1,,,,,
349,3,2,,1,,1,,2,1,1,1,,,,,,
350,3,8,2,3,4,2,1,6,,,2,,3,,,,
351,2,3,,,2,1,,,1,1,,,,,,,
352,5,5,,4,4,3,1,,1,,1,1,,,,,
353,,,1,1,,1,,,2,,,,,,,,
354,4,8,3,2,5,6,1,5,4,3,1,,1,,,,
355,27,34,17,12,25,11,2,8,8,3,4,,,,,,
356,1,2,,1,1,1,,,1,1,,,,,,,
357,1,3,2,2,2,2,,3,2,1,,,,,,,
358,6,9,3,4,5,3,1,,1,,,,1,,,,
359,1,9,1,1,8,5,1,1,2,,1,,,,,,
360,1,1,,1,,2,1,2,1,,,,,,,,
361,2,2,3,6,,3,,3,6,,2,1,,,,,
362,3,7,1,3,2,3,1,,1,,,,,,,,
363,3,3,1,1,2,,,,2,2,,,,,,,
364,6,8,4,5,7,1,,,,,,,,,,,
365,2,1,1,2,,1,,,2,1,,1,,,,,
366,2,2,1,2,1,2,,7,3,1,,,,,,,
367,,1,1,2,2,2,,4,2,1,1,,,,,,
368,4,3,2,1,3,1,,,,,,3,,,,,
369,9,13,2,1,10,2,1,3,2,1,1,,,,,,
370,2,2,2,4,2,4,1,2,1,3,,,,,,,
371,1,2,3,,1,2,,2,1,1,,2,,,,,
372,9,15,2,12,14,6,2,7,7,,4,,,,,,
373,1,1,,1,,1,,2,1,,,,,,,,
374,5,8,4,1,5,3,1,4,2,,,,,,,,
375,3,2,3,1,,1,2,,1,1,,1,,,,,
376,,,,1,,1,,2,1,1,,,,,,,
377,2,2,1,2,1,1,1,1,1,2,,,,,,,
378,1,1,,,,2,,,2,1,1,,,,,,
379,1,1,,4,1,2,,,4,1,,,,,,,
380,2,2,,1,2,1,,,1,,,,,,,,
381,,1,,1,2,,,1,2,,,1,,,,,
382,1,1,,2,,1,,,1,,,,,,,,
383,2,2,1,3,2,2,1,1,3,2,,,,,,,
384,1,5,1,1,3,1,,,1,1,,,,,,,
385,2,2,,3,,1,,1,1,,1,,,,,,
386,6,11,1,5,5,2,2,,3,1,1,1,,,,,
387,2,4,,1,1,1,,,1,,,,1,,,,
388,3,5,2,2,2,1,1,,2,,,,,,,,
389,,3,,4,3,2,,2,2,,,,,,,,
390,2,6,1,4,5,4,,9,3,,1,1,,,,,
391,1,2,1,1,2,,1,,2,2,,1,,,,,
392,1,1,1,,,,,,1,1,,,,,,,
393,4,7,2,1,6,2,,2,1,,1,,,,,,
394,3,3,1,1,1,2,,4,1,,1,,,,,,
395,3,6,3,1,4,2,1,,,,,,,,,,
396,,,,2,1,1,,2,2,,,,,,,,
397,1,2,,1,,2,,1,1,2,,,,,,,
398,3,4,1,2,2,3,,1,3,4,1,1,1,,,,
399,1,1,,1,,1,,2,,,,,,,,,
400,2,4,1,1,3,2,1,2,1,1,,,,,,,
401,,,2,1,2,2,1,,1,,,1,,,,,
402,,,1,,,2,1,,1,1,,1,,,,,
403,2,5,2,2,5,2,3,,,1,,,,,,,
404,3,3,,2,1,1,2,2,2,1,,,,,,,
405,4,4,1,3,2,1,1,1,3,1,,,,,,,
406,3,4,1,,2,,,,,1,,,,,,,
407,,,1,,,,,1,2,1,,,,,,,
408,,,,1,1,1,,2,3,,,,,,,,
409,5,6,4,1,4,3,1,4,1,2,1,,,,,,
410,,1,,2,2,1,,,1,,,1,,,,,
411,4,12,4,4,9,15,,2,2,3,,11,,,,,
412,10,14,3,7,12,8,1,3,2,3,1,3,2,,,,
413,17,33,9,13,26,19,3,1,7,,,,,,,,
414,2,6,,5,7,5,1,3,3,1,,,,,,,
415,3,5,3,3,3,3,,3,,,,,,,,,
416,2,6,1,,3,4,,,4,1,,1,,,,,
417,2,4,3,1,2,2,,,,,,,,,,,
418,2,2,,,1,,,1,,1,,,,,,,
419,3,2,1,3,2,2,1,,1,1,1,,,,,,
420,1,2,1,1,1,1,,1,1,1,,,,,,,
421,6,8,1,3,4,1,,3,1,1,1,,,,,,
422,3,3,1,3,4,2,,1,1,,,1,,,,,
423,2,3,,,1,1,,,,,,,,,,,
424,2,1,,2,1,1,,3,2,1,1,,,,,,
425,4,4,3,4,3,3,1,2,1,1,2,2,1,,,,
426,1,1,,3,,1,1,,2,,,,,,,,
427,3,7,1,3,5,3,2,,2,1,,2,,,,,
428,2,2,1,2,1,,,2,1,,,,,,,,
429,1,2,,1,2,1,,,1,1,,,1,,,,
430,1,2,1,1,2,1,1,,1,,,,,,,,
431,,,1,2,,2,,1,1,,,,,,,,
432,4,4,2,1,2,2,1,2,,1,,,,,,,
433,1,1,1,2,1,3,1,,3,,,1,,,,,
434,,,,1,1,1,,,1,,,2,,,,,
435,,,,2,,1,,,1,1,,,,,,,
436,8,10,3,3,4,6,2,1,1,,,,,,,,
437,3,3,1,2,2,3,,,2,,,,,,,,
438,,1,,1,1,2,,,1,1,,,1,,,,
439,1,1,1,1,,1,,,2,1,,1,1,,,,
440,2,2,2,2,,2,,2,2,,1,,,,,,
441,2,3,1,2,3,3,1,4,5,,2,,,,,,
442,7,6,,3,8,4,2,1,2,3,,5,1,,,,
443,2,7,1,3,4,2,2,,1,,,,,,,,
444,,2,,1,1,2,,2,1,1,,,1,,,,
445,,2,,,1,1,,,1,1,,,,,,,
446,3,4,2,4,2,1,2,2,5,2,,,,,,,
447,1,1,,,1,2,,1,,,,,,,,,
448,2,2,2,1,,3,,,,,,1,,,,,
449,3,3,,2,1,1,1,2,1,1,,,,,,,
450,3,4,3,3,3,5,2,4,2,,1,2,,,,,
451,1,2,,2,2,1,1,2,1,,,,2,,,,
452,2,3,,2,1,2,,,1,1,,,,,,,
453,1,1,1,2,,2,,2,,2,,1,,,,,
454,1,1,,2,,2,,1,1,2,1,,,,,,
455,,,1,1,,1,,3,1,,,,,,,,
456,1,3,,1,2,1,1,,1,1,,,,,,,
457,3,4,2,4,4,1,,1,4,,,,,,,,
458,,1,,2,1,1,,3,1,,,,,,,,
459,3,8,3,3,6,2,2,,2,,1,,,,,,
460,4,4,,2,2,1,1,1,1,,,,,,,,
461,4,8,1,1,4,1,1,,1,1,,1,,,,,
462,4,4,3,3,1,1,,,5,,,,1,,,,
463,,,,1,,2,,1,2,,,,,,,,
464,1,3,1,,1,1,,,,1,1,,,,,,
465,3,9,2,4,8,2,2,1,3,4,,,2,,,,
466,,3,,4,4,3,1,2,4,1,,,,,,,
467,1,2,,1,,1,,2,,,,,,,,,
468,1,5,,,5,1,,,1,1,,1,,,,,
469,1,2,,1,1,2,2,,,,,,,,,,
470,,,1,,,2,,,1,1,,1,,,,,
471,2,2,1,2,1,2,,,1,,,,1,,,,
472,2,3,,1,3,2,1,,1,,,3,,,,,
473,2,2,,1,2,1,,,1,,,,,,,,
474,6,7,4,5,3,6,1,2,5,3,,1,1,,,,
475,2,2,1,2,,2,,,1,,,,,,,,
476,3,3,3,2,1,2,,4,,,,,,,,,
477,4,5,3,1,4,1,,,,,,,,,,,
478,5,6,1,3,4,3,2,,4,,1,,1,,,,
479,1,1,1,,1,1,,1,,,,,,,,,
480,2,3,1,3,2,2,,2,,,,2,,,,,
481,3,3,,3,,3,,,3,,,,,,,,
482,1,2,,2,1,,,,2,,,,,,,,
483,4,5,3,1,3,2,1,,,,,,,,,,
484,6,10,4,4,6,7,2,1,2,,1,1,,,,,
485,3,4,1,1,3,1,,,,1,,,,,,,
486,,1,,1,1,1,,,3,1,,,,,,,
487,1,2,1,1,1,1,,,1,,,,,,,,
488,5,5,3,2,3,2,,4,1,1,1,,,,,,
489,6,7,3,1,5,4,1,2,1,,,1,,,,,
490,4,5,,1,3,2,,1,,2,,1,,,,,
491,3,2,,5,4,2,,,3,,1,,,,,,
492,,1,,3,,2,1,,4,1,,2,1,,,,
493,1,1,,1,,1,,2,2,1,,,,,,,
494,3,3,2,3,2,3,2,1,3,,,,2,,,,
495,1,1,,1,1,2,1,1,1,,,,,,,,
496,4,7,,3,6,3,1,,,2,,,,,,,
497,5,7,1,3,4,2,1,3,2,,1,,,,,,
498,6,9,4,5,4,2,2,,,1,,,,,,,
499,5,4,5,2,4,1,,,,,,,,,,,
500,1,1,1,1,2,1,,3,,,,,,,,,
501,1,3,1,2,1,1,,1,1,,,,,,,,
502,,1,1,1,,1,,2,1,,,,,,,,
503,4,8,,1,6,7,,1,1,,,1,5,,,,
504,2,4,1,1,2,1,,,3,1,,,,,,,
505,3,5,2,3,6,4,1,4,4,1,,1,,,,,
506,1,,1,,,1,,1,1,1,,1,,,,,
507,3,6,1,1,5,1,,,1,,,,,,,,
508,1,1,3,2,,5,,2,,,,1,,,,,
509,1,3,1,3,1,2,1,,4,,1,1,,,,,
510,2,3,2,2,2,1,,,,,,,,,,,
511,7,13,6,5,10,3,3,4,,,1,,1,,,,
512,1,3,1,2,6,2,,2,2,,1,,,,,,
513,3,3,,1,3,1,,1,,2,,1,,,,,
514,3,6,2,,5,2,,2,1,1,,,1,,,,
515,2,5,1,3,3,1,,,1,,,,,,,,
516,1,1,2,,,1,1,,1,1,,,,,,,
517,,1,,1,,1,,,2,,,1,,,,,
518,3,4,2,2,2,3,,,1,1,,,,,,,
519,2,3,1,1,2,3,,,1,,,1,,,,,
520,2,7,2,2,3,3,1,3,2,,,,1,,,,
521,6,7,3,8,4,5,3,3,3,2,,,,,,,
522,2,3,,3,1,2,1,4,4,,,,,,,,
523,1,3,,2,2,1,,,1,1,,,,,,,
524,,1,,1,1,1,,,2,,,,,,,,
525,1,2,,3,1,2,1,2,3,,,,,,,,
526,9,14,7,5,12,8,2,5,,,1,,2,,,,
527,1,1,,1,,1,,,1,,,,,,,,
528,2,2,1,,,2,1,1,,1,,,1,,,,
529,2,3,1,2,3,2,,1,,1,,2,,,,,
530,5,5,,3,2,,1,,3,,,,,,,,
531,13,19,5,2,12,6,3,1,3,,,,,,,,
532,3,7,1,1,5,3,1,1,,,,,,,,,
533,2,3,1,1,2,3,,3,,1,1,5,,,,,
534,5,11,1,3,5,4,1,3,4,2,,,1,,,,
535,8,9,1,2,5,3,2,1,,,,,,,,,
536,1,1,,1,,1,,1,,1,,,,,,,
537,1,4,2,,3,,1,,1,1,,,,,,,
538,6,6,1,4,8,3,1,,2,,1,5,,,,,
539,1,1,1,1,2,1,,1,1,1,,,,,,,
540,1,1,,2,,2,,1,3,2,,,1,,,,
541,,1,,,,1,,,1,1,,,,,,,
542,,,,1,1,,,,1,1,,3,,,,,
543,1,1,,2,,1,,1,3,1,,,,,,,
544,,1,,2,,1,1,,3,,,1,1,,,,
545,5,11,2,3,7,6,2,1,1,,,,,,,,
546,,1,1,,,1,,,,,,,,,,,
547,1,1,2,3,,3,1,2,4,1,1,,,,,,
548,3,5,,2,4,2,,,,,,2,,,,,
549,,1,1,1,3,1,,5,3,1,2,,,,,,
550,,2,,,1,2,,2,1,1,,,,,,,
551,,,1,,,1,,,1,1,,,,,,,
552,2,2,,3,1,1,1,,2,,,,,,,,
553,34,32,15,14,30,13,8,4,23,2,1,9,2,,,,
554,1,5,2,1,4,1,,,1,,,1,,,,,
555,1,6,3,2,1,4,3,1,2,1,1,,,,,,
556,,2,,2,1,2,,4,,,,1,1,,,,
557,6,12,4,6,11,4,1,2,1,,1,,1,,,,
558,1,1,,3,,1,,1,1,,,,,,,,
559,5,8,1,1,7,1,1,3,,1,,,,,,,
560,2,6,2,3,4,1,2,,1,1,,1,,,,,
561,,,,1,,1,,1,1,,,,,,,,
562,3,5,2,1,4,4,,1,1,,,1,,,,,
563,3,3,1,1,1,1,1,,1,,,,,,,,
564,4,7,,3,2,4,,1,,3,,,,,,,
565,4,5,4,1,2,2,,3,1,1,,,,,,,
566,1,1,2,1,,2,1,1,1,1,,,,,,,
567,,2,1,3,1,1,,,,,1,,1,,,,
568,1,1,1,3,2,2,,1,3,,,,,,,,
569,3,5,,2,3,2,,,,,,,,,,,
570,3,6,5,3,5,1,2,1,1,,,1,,,,,
571,7,8,1,2,3,1,3,6,1,2,,,,,,,
572,2,4,2,2,5,,2,,,1,,4,,,,,
573,2,3,1,1,5,1,,,2,1,,1,,,,,
574,2,3,1,2,4,,,,,2,,1,,,,,
575,1,1,,1,1,1,,,1,,,1,,,,,
576,4,6,1,2,5,1,1,2,1,,,,,,,,
577,5,7,4,2,5,3,,5,1,2,2,1,,,,,
578,1,2,,2,,2,,,3,,,1,1,,,1,
579,6,11,2,4,8,2,3,3,5,,,1,,,,,
580,3,4,3,2,1,,,,2,1,,,,,,,
581,2,2,2,1,1,2,1,,1,1,,,,,,,
582,3,4,1,5,2,3,1,2,1,1,1,,,,,,
583,2,2,,3,,,1,5,2,,,,,,,,
584,4,5,2,3,3,3,3,3,2,4,1,,,,,,
585,1,1,,2,,1,,2,1,,,,,,,,
586,4,5,2,4,2,2,2,1,3,1,1,,,,,,
587,3,3,2,,2,1,,,,1,,,,,,,
588,3,5,1,6,3,3,,1,6,3,1,,,,,,
589,1,1,,1,,1,,,1,,,,,,,,
590,1,2,,,,2,,1,,,,,,,,,
591,1,2,,2,,1,,1,1,1,,,,,,,
592,5,4,1,2,3,,,1,2,1,,2,,,,,
593,1,2,,2,,2,,1,2,,,,,,,,
594,2,5,3,,2,,2,,,,,,3,,,,
595,10,13,5,5,8,1,,2,1,1,1,,,,,,
596,2,4,,1,,,1,,2,,,,,,,,
597,3,2,2,1,1,,,,1,1,,2,,,,,
598,2,4,,1,2,1,,,,1,,,,,,,
599,3,8,1,1,4,8,1,2,,1,,1,2,,,,
600,2,4,1,1,3,1,,,,1,,,,,,,
601,1,1,1,1,,2,1,1,3,2,,,,,,,
602,2,3,,1,1,3,,,1,,,1,,,,,
603,,1,,1,,,,,2,,,,,,,,
604,5,5,2,5,4,6,1,3,4,,,,,,,,
605,4,8,1,6,6,4,1,2,3,,1,1,,,,,
606,,1,,1,,3,,,1,,,1,,,,,
607,7,7,3,1,4,6,1,2,3,2,2,,,,,,
608,1,2,,1,2,3,,1,2,,1,,,,,,
609,,,,2,1,1,,2,2,,,,,,,,
610,4,6,2,5,5,2,,1,2,,1,,,,,,
611,1,,,,,1,1,1,,1,,1,,,,,
612,6,12,4,6,8,8,1,2,1,,1,3,,,,,
613,2,7,1,1,4,1,,,1,1,,,,,,,
614,2,2,1,2,1,1,,,3,1,1,,,,,,
615,1,2,1,1,1,3,,1,2,1,,1,1,,,,
616,2,3,,1,2,2,,1,1,,,,,,,,
617,2,2,2,3,1,1,1,2,,,,,,,,,
618,4,4,,,3,3,2,1,,,,1,,,,,
619,3,5,3,4,2,3,1,,3,,1,,,,,,
620,7,9,5,7,7,5,1,1,2,,1,,,,,,
621,2,1,,2,,1,,,2,1,,,,,,,
622,,,1,3,1,2,,,1,1,,1,,,,,
623,3,3,,,2,,,,,1,,,,,,,
624,4,5,4,1,4,2,1,3,,1,,1,,,,,
625,1,1,1,1,,1,,3,1,1,1,,,,,,
626,1,1,1,3,3,2,,1,2,2,,,,,,,
627,2,2,1,1,1,1,,,2,2,1,,,,,,
628,4,5,1,3,3,2,1,,,1,,1,1,,,,
629,1,1,1,1,,1,,,1,1,,,,,,,
630,1,2,1,,2,2,,,1,1,,1,,1,,,
631,3,5,1,3,1,1,1,2,1,1,1,1,,,,,
632,1,1,2,2,1,1,,,4,,,,,,,,
633,1,1,,,,1,,,1,1,,,,,,,
634,4,5,4,3,4,1,,,,2,,,2,,,,
635,,,,2,,,,1,1,,,,,,,,
636,4,3,1,1,3,3,1,,1,1,,1,,,,,
637,4,7,1,4,9,5,,1,1,1,,3,2,,,,
638,2,4,,,3,1,,,1,1,,,,,,,
639,4,4,1,1,3,1,1,2,,,,,,,,,
640,5,6,4,3,3,3,1,,,,,,,,,,
641,,2,,2,,1,,1,,,,1,,,,,
642,3,5,1,2,2,3,1,1,,,,,,,,,
643,3,4,,3,5,1,1,,1,,,,,,,,
644,4,5,1,4,5,5,,2,1,1,2,5,,,,,
645,4,4,2,2,2,3,,2,,,1,,,,,,
646,1,1,1,1,1,2,,,2,1,,,,,,,
647,1,1,,,,1,,,1,1,,,,,,,
648,3,8,4,1,3,6,2,2,1,1,,,,,,,
649,5,10,2,1,7,1,1,1,,,1,,,,,,
650,3,4,,4,6,3,,5,6,2,3,,,,,,
651,1,3,,2,1,2,,1,2,,,1,,,,,
652,5,4,1,5,2,4,,3,2,2,1,5,,1,,,
653,3,6,2,4,5,5,,3,1,2,1,,,,,,
654,2,3,2,2,4,1,,2,1,,,,,,,,
655,,1,,2,2,1,,,3,1,1,1,,,,,
656,1,1,1,,,1,,1,1,1,1,1,,,,,
657,5,7,1,2,4,1,,,2,1,,,,,,,
658,1,3,1,1,1,1,,,1,,,,,,,,
659,2,3,3,3,1,3,,,,,,,,,,,
660,5,6,2,1,2,5,1,2,1,,,,,,,,
661,,,,3,1,1,,2,1,2,,,,,,,
662,1,2,,,2,1,,,,,,,,,,,
663,3,3,1,3,3,3,,,2,2,,1,,,,,
664,2,2,,6,4,1,1,1,5,2,1,,,,,,
665,1,2,1,1,,1,,2,2,2,1,,,,,,
666,6,7,4,6,8,4,1,2,5,,1,1,,,,,
667,4,4,2,4,2,6,,2,3,1,,,,,,,
668,2,3,1,3,2,1,1,2,3,3,2,,,,,,
669,10,14,5,6,10,3,2,1,6,,1,1,,,,,
670,13,20,4,13,20,11,3,7,8,3,1,1,,,,,
671,1,2,,3,3,3,,2,5,1,,1,,,,,
672,1,2,,2,3,1,,2,,,,,,,,,
673,3,3,,1,,1,1,,2,,,,,,,,
674,,3,1,2,,1,,,2,,1,2,,1,,,
675,,,,1,,1,,,1,1,,,,,,,
676,,2,,3,2,,,,2,1,1,,,,,,
677,1,2,,1,3,1,,,3,1,,,,,,,
678,4,4,,4,1,2,1,,3,,,,,,,,
679,1,1,,1,,1,,,1,,,,,,,,
680,7,6,3,3,4,5,,2,1,1,,,,,,,
681,2,4,3,4,3,4,,1,,,,1,,,,,
682,1,2,,2,2,1,,,2,1,1,,,,,,
683,9,9,,2,7,4,,1,2,1,,3,2,,,,
684,3,6,2,1,5,2,1,3,1,1,1,,1,,,,
685,2,2,1,1,1,3,,3,1,2,1,,,,,,
686,,,1,,,1,,1,1,1,,,,,,,
687,1,3,1,2,2,1,,1,1,1,,,,,,,
688,5,7,3,2,7,4,,,1,2,,1,,,,,
689,3,5,,1,2,2,1,,,,,,,,,,
690,1,2,1,2,2,1,,2,,1,,,,,,,
691,1,2,2,1,2,1,,1,,1,,,,,,,
692,6,12,,2,5,4,3,3,1,,1,,1,,,,
693,1,2,1,1,,1,,1,1,1,1,,1,,,,
694,5,5,2,6,4,2,,2,2,,2,,,,,,
695,2,2,,2,,1,,1,2,2,,,1,,,,
696,,,,1,,2,,1,3,1,1,1,,,,,
697,22,29,8,10,26,12,8,4,3,3,5,1,,,,,
698,2,2,,1,1,,,,1,,,,,,,,
699,2,2,,2,2,1,,1,2,,,,,,,,
700,1,1,,1,,1,,,2,,,,,,,,
701,4,9,1,2,6,6,,3,,,2,,,,,,
702,1,2,,1,2,,,1,,,,1,,,,,
703,2,3,1,2,2,1,,,,,,,,,,,
704,4,8,,2,7,3,1,2,1,,,,,,,,
705,1,1,1,1,,1,,,2,,,,,,,,
706,4,5,3,5,4,9,1,6,2,1,2,,,,,,
707,1,4,,2,2,2,,1,2,,,,1,,,,
708,3,5,,4,3,2,1,1,4,,1,,,,,,
709,4,6,,1,4,1,,,,,,,,,,,
710,5,6,3,1,5,1,,,1,,,,,,,,
711,1,4,,2,3,1,,,5,1,1,,1,,,,
712,3,8,,2,8,3,,1,,1,,,,,,,
713,3,6,,3,2,2,,2,2,,1,,,,,,
714,1,1,,2,,,,1,1,,,,,,,,
715,,,,2,,1,,,2,,,,,,,,
716,4,4,,4,2,2,1,2,1,,,,,,,,
717,2,2,,3,1,3,,,1,,,,,,,,
718,3,3,,1,2,,1,,1,,,,,,,,
719,2,1,,1,,1,1,4,3,1,,,,,,,
720,,2,,,1,1,,1,,,,,,,,,
721,2,2,3,1,,1,,,1,,1,,,,,,
722,2,1,2,4,4,2,1,2,3,,,1,,,,,
723,4,8,1,2,5,3,2,1,3,,2,,,,,,
724,2,3,1,3,1,2,,1,2,,1,,,,,,
725,3,8,2,1,9,2,2,1,,,,4,,,,,
726,5,7,1,5,6,4,1,1,5,,,1,,,,,
727,3,5,3,3,4,3,,1,1,1,1,,,,,,
728,2,3,2,3,3,1,,,3,2,,,,,,,
729,4,7,4,2,1,4,2,4,1,,,,,,,,
730,1,1,,1,,1,,1,2,,,,,,,,
731,2,7,,1,6,2,2,1,1,,,,,,,,
732,3,6,,1,5,1,1,1,,2,,,,,,,
733,,,1,,,2,1,1,1,1,,,,,,,
734,6,11,2,5,9,7,1,4,2,2,,,1,,,,
735,3,2,3,,1,1,,1,1,1,,,,,,,
736,3,8,4,1,6,1,1,1,,,,,,,,,
737,1,4,,1,3,2,,,,1,,,1,,,,
738,1,4,,2,4,1,,1,1,,,,,,,,
739,3,3,,1,1,1,,,,1,,,,,,,
740,5,15,4,4,14,6,1,1,,2,1,2,3,,,,
741,6,7,2,4,9,5,1,2,1,1,,2,3,,,,
742,2,4,,4,3,4,,3,5,1,1,1,,,,,
743,,1,,1,1,3,1,,3,,,1,,,,,
744,2,5,,2,1,1,,,2,,,1,,,,,
745,2,6,3,1,7,2,,3,,2,,,2,,,,
746,,,1,1,,,1,,1,1,,,,,,,
747,2,1,,3,,1,,1,3,,1,,,,,,
748,2,2,,2,1,1,,,2,1,,1,,,,,
749,3,2,,3,,2,,1,2,1,1,,,,,,
750,1,4,3,2,3,1,1,,2,,1,,,,,,
751,8,11,4,8,14,6,4,1,9,2,,1,,,,,
752,2,3,2,3,3,2,1,2,3,,1,,,,,,
753,2,2,1,2,2,1,,1,1,,,,,,,,
754,,2,,1,2,2,,1,1,1,,,,,,,
755,,1,1,2,2,2,,,3,,,2,,,,,
756,6,6,1,5,5,5,,4,,4,,6,,,,,
757,4,5,2,2,3,1,1,,2,1,1,,,,,,
758,7,13,3,2,9,5,1,2,2,,,1,1,,,,
759,2,5,1,2,3,4,,,1,1,,2,1,,,,
760,2,3,1,2,4,3,,,2,,,,,,,,
761,1,1,,1,1,1,,,2,,,,,,,,
762,4,4,,2,2,1,1,,1,2,,,,,,,
763,4,2,,4,2,3,,,2,2,,,,,,,
764,4,4,,3,,,,2,2,,,,1,,,,
765,4,5,1,3,4,2,2,,1,,,,,,,,
766,7,9,4,3,4,2,1,3,,2,,,,,,,
767,,,,1,,2,1,,2,,,1,,,,,
768,2,2,1,1,1,1,,1,1,,1,,,,,,
769,3,9,3,2,7,4,1,,,1,,1,,,,,
770,3,4,1,,1,3,3,1,1,1,,,,,,,
771,4,6,2,2,3,3,,1,2,,,,,,,,
772,10,17,7,7,15,5,,4,,1,2,4,,,,,
773,2,3,2,2,3,2,,1,1,1,,,,,,,
774,6,6,4,3,5,2,2,3,5,,1,,,,,,
775,2,3,1,2,2,2,,3,,,,,,,,,
776,1,4,2,3,4,1,1,2,5,,,,,,,,
777,4,5,4,5,5,6,2,4,4,1,2,1,,,,,
778,1,2,1,1,1,2,,2,1,,,,2,,,,
779,3,4,,,2,1,1,,,1,,,,,,,
780,4,8,,4,4,3,,1,,1,1,,,,,,
781,2,3,1,3,1,1,1,4,2,,1,,,,,,
782,5,11,6,3,8,4,2,1,,1,,,,,,,
783,4,6,2,3,5,3,1,,3,,1,1,,,,,
784,4,6,2,3,6,3,3,,1,,,,1,,,,
785,2,2,,4,2,3,,,2,1,,1,,,,,
786,2,5,2,2,5,3,1,3,3,1,,,,,,,
787,3,3,2,2,2,3,,1,,,,2,1,,,,
788,4,5,1,1,4,4,2,,4,2,,,,,,,
789,3,4,,3,4,4,1,3,3,,1,1,1,,,,
790,2,5,,1,3,2,1,,2,,,,2,,,,
791,2,2,,1,1,1,,,,,,,,,,,
792,,,,4,3,2,1,,2,1,,,,,,,
793,4,6,,3,3,2,1,,3,2,,1,,,,,
794,5,9,,6,8,5,1,4,5,2,,1,,,,,
795,1,1,,1,1,1,,,1,,,,,,,,
796,4,7,2,6,8,2,,6,3,1,1,2,,,,,
797,2,3,,2,2,2,,2,3,1,,1,,,,,
798,2,2,,3,1,1,,,1,,,,,,,,
799,1,1,2,,1,3,,1,,1,,,1,,,,
800,4,3,1,1,1,5,1,1,1,,1,1,,,,,
801,,1,,3,,1,,2,4,1,1,,,,,,
802,7,8,1,4,7,4,2,,2,1,,1,,,,,
803,11,14,4,4,10,13,1,1,,1,,3,,,,,
804,5,8,2,1,5,4,1,2,1,1,,,3,,,,
805,6,11,4,4,7,4,1,2,3,,1,,,,,,
806,3,9,2,5,8,5,,4,3,2,,,,,,,
807,,,1,,,1,,1,2,1,1,,,,,,
808,2,3,1,2,3,2,,,1,,,,,,,,
809,1,5,,1,4,1,1,,1,,,,,,,,
810,2,3,,,,1,1,,,,1,,,,,,
811,7,6,1,7,5,4,1,,3,2,,,,,,,
812,1,1,1,2,1,1,,2,1,,,,,,,,
813,,,,2,,1,,,2,1,1,1,,,,,
814,5,13,2,2,8,3,2,,1,1,,2,2,,,,
815,3,4,,3,,2,1,1,4,1,2,,,,,,
816,2,2,,1,1,2,,3,,,,,,,,,
817,1,2,3,1,,1,,,,1,,1,,,,,
818,1,8,4,4,5,8,,1,1,,,,,,,,
819,1,3,1,2,3,2,,1,1,,1,,,,,,
820,1,3,,1,2,1,1,,,,,,,,,,
821,11,15,6,7,13,4,2,3,2,,,2,,,,,
822,5,9,4,,6,1,1,,,,,,,,,,
823,1,1,1,3,1,,,2,1,,,,,1,,,
824,4,5,2,1,1,3,1,2,1,1,,1,2,,,,
825,4,8,1,2,8,5,,2,,1,,3,1,,,,
826,3,4,1,1,2,1,,1,,,,,,,,,
827,2,4,2,2,3,2,1,,1,1,,,,,,,
828,3,5,,6,6,6,,,8,1,,1,,,,,
829,1,3,,1,2,1,,1,,,,,,,,,
830,3,2,1,3,2,1,,2,1,1,1,1,,,,,
831,3,4,,2,3,1,,2,,,,,,,,,
832,4,3,1,3,4,2,,1,3,1,1,3,,,,,
833,2,2,,1,1,,,2,1,,,,,,,,
834,3,4,1,1,,1,1,,,,,,1,,,,
835,5,10,5,2,5,7,2,3,3,1,,,,,,,
836,1,6,,1,4,3,1,2,2,2,,,,,,,
837,2,8,2,5,6,5,2,,6,,1,,1,,,,
838,,,,,,1,,1,1,,1,,,,,,
839,2,4,1,,3,1,1,1,1,1,,,,,,,
840,,,,,,1,,,1,,,,,,,,
841,,,,1,,1,,,1,1,,,,,,,
842,3,4,,3,2,2,,,1,,,1,,,,,
843,7,13,1,1,7,7,4,1,1,,,1,2,,,,
844,2,8,2,1,4,4,2,2,1,,,,,,,,
845,1,1,,3,,,1,,1,,,,,,,,
846,1,1,1,1,,1,,,1,,,,,,,,
847,,,,3,2,,,,2,1,,,,,,,
848,1,2,,1,1,1,,,2,2,,3,,,,,
849,2,7,3,1,7,2,1,3,,1,1,,,,,,
850,2,3,1,2,1,1,,,3,1,,,,,,,
851,2,4,,1,2,1,,1,,1,1,,,,,,
852,1,1,,6,2,,1,2,3,1,2,,,,,,
853,4,6,3,5,7,2,,5,5,1,,,,,,,
854,6,6,7,3,6,8,,2,2,1,,,,,,,
855,,1,1,,1,1,,1,,,,1,,,,,
856,3,3,,2,3,2,,,2,1,,,,,,,
857,3,2,,2,1,1,,,1,,,,,,,,
858,1,1,,1,1,1,,,1,,,,,,,,
859,10,14,1,2,8,5,2,1,,,1,,,,,,
860,,1,,1,,,,,1,,,,1,,,,
861,3,4,,1,2,1,1,,,1,,,,,,,
862,1,1,,3,1,2,,,1,,,,,,,,
863,3,5,,2,4,4,2,1,2,1,1,3,,,,,
864,4,3,2,2,1,2,,6,3,,,,,,,,
865,4,5,1,1,4,2,,2,1,,,2,,,,,
866,6,6,3,5,3,1,1,4,3,1,1,,,,,,
867,7,9,4,4,8,4,,5,3,1,,1,,,,,
868,3,2,2,2,2,1,,,2,,,,,,,,
869,1,1,,3,,,1,2,5,1,,,,,,,
870,1,1,,2,2,3,,,1,,,2,,,,,
871,3,3,1,1,2,1,,1,,,,,,,,,
872,6,12,3,3,9,2,2,1,2,1,,,,,,,
873,5,5,3,4,2,2,1,2,4,,3,,,,,,
874,2,2,,3,1,2,,,5,1,,,,,,,
875,1,1,1,2,1,2,,,4,,1,,,,,,
876,2,2,1,1,,1,,,2,,,,,,,,
877,3,4,3,1,3,1,1,2,,,,,,,,,
878,3,2,,1,3,3,,,1,,,,,,,,
879,4,11,7,1,8,8,2,,,,,10,,,,,
880,4,7,1,9,12,8,,,2,,,,1,,,,
881,4,5,,3,3,1,,1,1,,,,,,,,
882,1,2,2,3,,6,,4,4,,,1,,,,,
883,8,13,5,4,4,3,3,1,3,,,,,,,,
884,1,5,1,1,3,1,,,4,1,,,1,,,2,
885,3,3,1,4,1,1,1,1,2,1,,,,,,,
886,4,9,2,4,6,8,1,8,2,,,,,,,,
887,2,1,2,3,2,1,,,1,,,,,,,,
888,5,6,3,3,4,2,1,,3,1,,2,,,,,
889,,,1,,,1,,,1,1,,,,,,,
890,2,3,,3,2,1,1,3,1,,1,,,,,,
891,8,9,1,4,5,4,1,3,3,1,,2,,,,,
892,,1,,,1,1,,,1,1,,,,,,,
893,3,3,2,1,2,3,1,3,,,,1,,,,,
894,,4,,4,3,1,1,,3,,,,2,,,,
895,,2,1,,1,1,,1,,,,,,,,,
896,2,3,,2,2,2,,1,3,,,,,,,,
897,4,7,4,1,4,2,1,,,,,,,,,,
898,3,4,2,1,2,1,1,,1,1,,1,,,,,
899,1,1,,2,,1,,3,,1,,,,,,,
900,2,1,2,2,4,2,,,2,1,,1,,,,,
901,5,5,,4,3,2,1,,1,,,1,,,,,
902,5,4,2,3,3,,1,5,1,,,2,,,,,
903,3,6,6,1,5,4,1,,,1,,4,,,,,
904,4,8,3,1,4,2,,,,,,,,,,,
905,1,2,,,,1,,,1,1,,,,,,,
906,1,3,,,3,1,1,,2,1,,,,,,,
907,1,2,1,2,2,1,,3,2,1,1,,,,,,
908,1,1,,,,1,,,1,1,,,1,,,,
909,1,1,1,2,,1,,,1,,,,,,,,
910,,,,1,,1,,1,1,,,1,,,,,
911,2,2,2,3,3,,,,4,1,,,,,,,
912,2,2,,1,1,1,,1,3,1,,,,,,,
913,4,5,1,3,5,1,1,1,,,,2,,,,,
914,3,4,2,3,3,2,1,1,1,,,,,,,,
915,2,2,,3,1,1,,,2,,1,,,1,,,
916,3,4,1,5,3,3,2,5,2,2,3,,,,,,
917,2,2,,1,2,,,,2,,,1,,,,,
918,5,4,1,2,,3,1,1,,,,,,,,,
919,6,12,1,5,7,5,2,1,1,,,,,,,,
920,1,1,,,,,1,2,1,1,,,,,,,
921,3,4,,2,,1,,1,,,1,,,,,,
922,3,5,1,2,2,2,1,1,3,1,,,,,,,
923,,,1,1,1,1,,,1,,,1,3,,,,
924,3,1,2,2,2,1,,,,,,,,,,,
925,1,3,2,1,3,1,1,,,,,,,,,,
926,3,2,1,3,2,4,1,,1,1,,4,,,,,
927,3,3,1,,1,1,1,,1,1,,,,,,,
928,,1,,,,2,1,,1,1,,1,,,,,
929,,1,,2,,1,,,1,,,1,,,,,
930,3,3,2,1,2,,,,1,1,1,,,,,,
931,6,11,4,3,8,8,,1,2,1,,2,,,,,
932,2,3,3,2,2,2,,2,,,,1,,,,,
933,1,2,1,,,2,,,1,1,,,,,,,
934,3,4,3,3,,3,1,,,,,,,,,,
935,1,2,2,4,1,8,,,6,2,1,1,,,,1,
936,4,4,3,3,4,2,,,3,,,1,,,,,
937,1,2,,1,1,1,,1,1,,,,,,,,
938,6,6,1,2,3,2,,,1,,,,,,,,
939,8,12,8,7,5,8,4,3,7,,1,1,,,,,
940,2,2,3,,3,2,,1,2,,,,,,,,
941,5,9,2,5,7,7,1,,1,2,,5,1,1,,,
942,2,2,1,,,1,,,,1,,,,,,,
943,5,7,1,5,4,3,1,3,7,,,,,,,,
944,3,5,2,1,4,1,1,,,1,,,,,,,
945,3,9,3,2,7,1,,1,1,,,,,,,,
946,1,2,,1,1,1,,,1,,,,,,,,
947,3,3,1,4,3,3,,2,3,1,1,1,,,,,
948,2,6,2,1,4,2,1,,,,,,,,,,
949,1,2,2,1,3,1,,,1,1,,3,,,,,
950,1,1,1,2,1,2,,1,2,1,,,,,,,
951,4,8,5,4,7,2,2,7,4,1,1,1,,,,,
952,4,7,2,5,4,5,1,5,2,3,2,1,,,,,
953,,,,2,,1,,,3,,,,,,,,
954,1,4,1,2,3,1,1,,,,,,,,,,
955,1,2,,,2,,,,1,1,,,,,,,
956,1,3,,2,1,2,,,3,1,,,1,,,,
957,4,6,1,1,4,2,,,,,,1,,,,,
958,3,3,2,2,3,2,1,1,,,,,,,,,
959,1,5,,2,3,4,,,2,,1,,,,,,
960,2,4,1,2,3,1,,,1,,,,,,,,
961,1,3,,,2,,,,1,1,,,,,,,
962,2,4,1,2,4,1,,,1,1,,,,,,,
963,5,8,1,4,4,6,1,4,,2,,,1,,,,
964,1,7,4,3,5,5,3,2,,,,5,3,,,,
965,4,5,2,2,3,1,,,1,,,,,,,,
966,3,6,,1,2,2,2,,1,,,,3,,,,
967,5,5,,5,4,1,1,2,3,,1,,,,,,
968,2,3,,3,3,,1,1,2,,,,,,,,
969,2,2,1,3,1,1,,1,5,1,,2,,,,,
970,5,6,1,2,2,2,2,1,2,1,,,,,,,
971,4,9,3,2,7,5,3,1,1,,,,,,,,
972,3,3,2,1,1,,,2,2,1,1,,,,,,
973,,1,,1,1,1,,,3,1,1,,,,,,
974,1,2,1,1,,2,,2,2,,,1,,,,,
975,1,3,,,2,1,,,1,1,,,,,,,
976,7,11,1,2,7,3,1,1,,,,,,,,,
977,,,,3,,1,,2,6,,1,,,,,,
978,2,4,2,3,4,3,,,1,,,2,1,,,,
979,2,2,2,1,2,,,,,1,,1,,,,,
980,3,2,1,3,,1,1,2,1,,,,,,,,
981,1,1,,2,,,,,3,,1,,,,,,
982,2,3,,1,1,,1,,1,1,,,,,,,
983,2,3,,1,2,1,,,1,,,,,,,,
984,,,,1,,1,,,3,,1,,,,,,
985,1,1,,4,2,1,1,,2,,,2,,,,,
986,8,14,3,5,5,4,3,1,1,3,2,,,,,,
987,1,1,1,1,1,1,,1,,1,,,,,,,
988,7,14,4,9,12,9,2,4,9,,,,,,,,
989,1,2,1,1,1,1,,,3,2,3,,,,,,
990,1,2,,,,2,,,3,,,,,,,,
991,1,2,,,1,1,,,1,,,1,,,,,
992,5,7,5,5,6,4,1,7,3,3,1,1,,,,,
993,6,8,3,6,10,4,2,3,2,,2,,,,,,
994,2,3,,1,3,1,,,3,,,,,,,,
995,2,2,,2,,1,1,1,,,,,,,,,
996,4,7,2,3,6,1,1,2,,,,1,,,,,
997,3,5,3,3,1,2,1,1,1,1,,,,,,,
998,3,3,,2,1,3,1,,3,,,,,,,,
999,5,3,,1,1,2,2,,,,,3,,,,,
1000,6,7,2,2,2,6,2,2,5,,,,,,,,
1001,1,3,1,2,1,1,,,3,,1,,,,,,
1002,2,7,2,1,5,1,,1,,,,,,,,,
1003,,,,1,,2,,1,1,,,1,,,,,
1004,4,5,1,,2,2,1,,,2,,,,,,,
1005,2,2,,2,2,1,,1,1,1,,,,,,,
1006,3,3,1,1,1,,1,,2,1,,,,,,,
1007,2,3,,1,2,1,,,2,1,1,,,,,,
1008,5,13,1,1,9,4,1,2,,,,,,,,,
1009,9,10,4,6,6,5,2,1,1,,,1,,,,,
1010,8,10,5,5,8,2,,1,3,,,2,,,,,
1011,1,1,1,,,1,,,,1,,,,,,,
1012,1,1,,1,1,1,,,1,,,,,,,,
1013,4,10,2,5,6,3,1,,1,,,,,,,,
1014,6,7,5,6,7,1,1,1,5,2,1,,,,,,
1015,4,5,1,2,3,1,1,,2,,,,,,,,
1016,2,3,,2,1,1,,,,,,1,,,,,
1017,4,6,3,2,4,1,1,2,1,1,,,,,,,
1018,1,2,,1,1,1,,,1,,,,,,,,
1019,2,2,,,1,1,,,,1,,1,,,,,
1020,3,4,4,3,1,1,1,1,3,2,,,,,,,
1021,2,2,,2,2,1,,,,,,,,,,,
1022,1,3,1,2,4,1,2,1,1,,,3,,,,,
1023,,1,,2,2,,,2,1,,,,,,,,
1024,2,3,,1,2,1,,,1,1,,,,,,,
1025,2,1,1,2,1,,,3,2,,,,,,,,
1026,5,7,1,2,5,2,4,2,1,1,,,,,,,
1027,6,10,3,2,12,9,,2,1,1,,5,1,,,,
1028,3,5,,2,1,2,,,3,,1,,,,,,
1029,2,2,,1,1,2,,1,4,1,,,,,,,
1030,4,4,1,1,2,2,,,1,,,1,,,,,
1031,7,12,5,5,7,6,1,3,5,,,1,,,,,
1032,2,2,,2,1,2,,,2,2,,,,,,,
1033,,2,3,,1,2,1,,,,,,,,,,
1034,6,9,1,8,7,6,2,,7,1,,1,2,,,,
1035,3,8,1,3,2,5,1,1,,,,,,,,,
1036,5,7,1,2,4,1,2,3,,2,1,,,,,,
1037,,,1,1,,1,,1,1,,,,,,,,
1038,2,4,,4,4,5,1,4,2,3,,1,,1,,,
1039,12,15,6,9,16,11,1,,3,,3,3,1,,,,
1040,2,1,,3,,1,,1,4,,1,,,,,,
1041,5,3,2,4,1,1,1,2,1,1,3,1,,,,,
1042,1,1,1,1,,2,,1,2,,,,,,,,
1043,1,1,1,1,1,1,,,3,1,,,,,,,
1044,5,7,1,2,3,3,,1,3,1,,1,1,,,,
1045,4,6,,3,7,3,,1,3,1,1,2,,,,,
1046,3,5,,3,4,2,,,,,,,1,,,,
1047,1,2,,2,1,1,1,3,2,2,,1,,,,,
1048,11,15,3,7,9,8,3,6,1,5,1,,,,,,
1049,1,1,,4,3,2,1,2,7,3,2,1,,,,,
1050,6,10,3,2,7,5,1,2,,1,,,,,,,
1051,1,2,1,1,1,1,,2,2,,,,,,,,
1052,1,3,1,2,1,2,,,2,,1,,,,,,
1053,2,4,,1,4,1,1,,1,,,1,,,,,
1054,,,1,,,1,,,1,1,,,,,,,
1055,3,5,2,2,3,2,,1,,,1,,1,,,,
1056,2,5,1,2,7,2,1,2,,1,,4,1,,,,
1057,8,9,2,6,5,4,,1,3,2,2,,,,,,
1058,10,20,6,2,12,13,2,,2,1,,1,,,,1,
1059,3,4,,,2,1,,,,,,,,,,,
1060,4,3,1,3,4,1,,,1,,,1,,,,,
1061,6,7,,2,4,1,1,1,1,,,,,,,,
1062,7,8,1,7,9,6,3,2,12,5,4,,,,,,
1063,6,7,1,3,4,2,1,1,2,,,,,,,,
1064,2,5,1,2,4,1,,,,1,,1,,,,,
1065,,,1,2,1,1,,,1,,,,,,,,
1066,2,2,,,2,2,,3,,1,,,,,,,
1067,2,3,,3,2,3,,2,5,1,,,,,,,
1068,,,,3,2,2,,,1,1,,,,,,,
1069,2,3,1,2,1,,1,2,1,2,1,1,,,,,
1070,3,5,4,1,5,1,,3,1,2,,,,,,,
1071,4,6,3,3,2,3,1,3,3,,,,,,,,
1072,5,6,1,1,7,3,1,,,2,,2,,,,,
1073,4,4,1,3,2,,,2,,2,,,,,,,
1074,4,5,2,4,8,1,,1,5,1,,,,,,,
1075,4,6,1,2,6,5,2,,2,,,3,1,,,,
1076,2,2,,,,1,1,,,,,,,,,,
1077,,,,1,1,2,,2,2,,,1,,,,,
1078,27,34,10,22,21,20,5,6,14,,1,2,,,,,
1079,,,,1,,2,,3,2,2,,,,,,,
1080,2,3,1,2,2,1,,2,1,,,,,,,,
1081,1,2,2,,2,1,,,,1,,,,,,,
1082,3,6,3,,6,1,,,,,1,,2,,,,
1083,1,3,,1,1,1,,1,,,,,,,,,
1084,2,3,1,,2,,,1,,,,,1,,,,
1085,2,5,1,,3,2,,,,,,,,,,,
1086,2,2,,2,2,,,,1,,,,,,,,
1087,9,10,2,3,9,2,1,3,2,1,1,1,,,,,
1088,5,5,1,2,4,2,,,1,,,1,,,,,
1089,3,3,1,,1,1,,,,1,,,,,,,
1090,3,4,3,1,2,2,1,2,2,3,,2,,,,,
1091,2,2,,2,,,,,3,2,,,,,,,
1092,7,8,4,7,9,3,1,1,7,1,,2,,,,,
1093,3,6,1,3,5,4,2,3,2,2,1,,,,,,
1094,5,8,1,2,7,6,1,2,3,1,,5,1,,,,
1095,3,5,2,1,3,1,,1,1,1,,,,,,,
1096,5,7,,1,6,1,2,1,,,,,,,,,
1097,5,6,4,3,6,2,,,1,,1,,,,,,
1098,,,1,1,1,1,,,,1,,1,,,,,
1099,2,3,,2,2,1,1,,4,1,1,,1,,,,
1100,1,1,1,1,2,1,,,1,1,,,,,,,
1101,1,2,,1,,1,,,,,,1,,,,,
1102,12,12,5,2,5,11,1,3,1,1,1,2,,,,,
1103,2,2,,1,,1,,,,,,,,,,,
1104,1,3,,1,3,1,1,2,2,,,,,,,,
1105,3,4,1,2,2,3,,,,,,,,,,,
1106,1,1,2,2,2,1,,,1,,,,,,,,
1107,1,1,,1,1,2,1,1,2,1,,,,,,,
1108,1,3,2,,2,1,1,,,1,,,,,,,
1109,1,3,3,3,4,1,,1,1,,,,,,,,
1110,7,12,5,1,8,6,1,1,,3,,,,,,,
1111,,,,1,,1,,,2,,,1,,,,,
1112,4,4,3,,2,2,,,,2,,1,,,,,
1113,2,3,,2,3,1,1,,1,,,,,,,,
1114,2,4,,3,5,5,1,,3,2,,1,,1,,,
1115,5,9,2,4,5,5,,,1,,1,1,,,,,
1116,6,9,4,1,6,4,,,,,,,,,,,
1117,,,,1,,1,,,1,1,,,,,,,
1118,2,2,1,3,1,2,,,3,,1,,,,,,
1119,1,2,1,1,1,1,,,1,,,,,,,,
1120,,,,1,,2,,,1,,1,1,,,,,
1121,,6,2,,6,3,1,1,1,1,,5,3,,,,
1122,3,5,1,6,2,5,2,3,3,,1,,,,,,
1123,3,5,2,5,4,2,2,4,5,1,1,,,,,,
1124,1,1,,3,2,2,,,1,1,,,,,,,
1125,3,3,,,,2,1,2,2,2,,,,,,,
1126,3,13,4,1,8,4,3,2,,,1,,,,,,
1127,3,3,,,1,1,,,1,1,,,,,,,
1128,4,5,1,1,2,5,2,,2,,,,,,,,
1129,3,5,1,1,3,1,1,,,1,,2,,,,,
1130,1,2,,1,1,1,,,1,,,,,,,,
1131,6,12,4,2,10,2,1,1,,2,1,,,,,,
1132,3,6,2,2,6,4,1,,3,1,,1,,,,,
1133,3,3,,1,2,1,,,1,1,,,,,,,
1134,2,2,1,3,,1,,1,,1,2,,,,,,
1135,,1,,,2,2,,2,,,,1,,,,,
1136,9,10,1,2,6,3,,1,1,,,,,,,,
1137,1,2,1,2,3,2,,3,,,,1,,,,,
1138,3,5,1,6,1,4,2,8,8,1,2,,,,,,
1139,,1,1,1,,2,,2,1,2,,,,,,,
1140,,,,1,,1,,,,1,,1,,,,,
1141,8,10,3,1,7,2,1,1,1,,,,1,,,,
1142,,,,1,,1,,,3,3,,,,,,,
1143,3,4,3,2,3,1,,1,1,,,,,,,,
1144,4,8,7,4,5,10,1,2,4,2,3,,,,,,
1145,1,1,,1,,1,,,1,,,,,,,,
1146,,1,2,2,,2,1,1,3,,,,,,,,
1147,2,5,4,1,2,3,1,4,3,2,,,,,,,
1148,3,4,2,1,4,2,,2,2,3,1,,,,,,
1149,16,33,7,13,25,11,3,1,3,,2,4,5,,,,
1150,3,5,2,4,7,3,1,2,3,,,2,,,,,
1151,,,,3,,1,1,2,3,1,,,,,,,
1152,,1,,1,,1,,,3,1,1,,,,,,
1153,,2,1,1,3,1,,,1,1,,,,,,,
1154,1,3,3,1,1,2,,,1,,,1,,,,,
1155,3,3,1,1,2,2,,3,,,,,,,,,
1156,3,3,4,4,2,2,1,3,2,,1,,,,,,
1157,,1,,,1,1,,,1,1,,,,,,,
1158,5,4,3,4,4,5,,2,6,,1,,,,,,
1159,2,2,2,2,2,1,,2,1,1,,,,,,,
1160,3,6,3,1,4,1,2,,,1,,,,,,,
1161,,,,2,,3,,,2,,,3,,,,,
1162,5,8,,2,7,3,1,,1,,,,,,,,
1163,2,4,2,2,3,1,,2,1,1,1,,,,,,
1164,5,6,2,2,4,1,,1,,,,1,,,,,
1165,6,9,2,3,11,3,1,2,1,,,1,1,,,,
1166,7,8,5,5,6,4,3,5,3,1,1,,,,,,
1167,,,,4,,1,,3,1,,1,1,,,,,
1168,3,6,1,1,3,2,1,1,2,1,,,,,,,
1169,6,10,3,6,9,6,,6,1,1,2,,,,,,
1170,,,,,,1,,1,1,,,2,,,,,
1171,2,4,1,2,2,1,1,2,3,1,1,,,,,,
1172,3,7,1,2,5,3,2,1,3,,1,,2,,,,
1173,2,2,2,1,1,2,1,,2,1,,,,,,,
1174,7,6,3,4,7,1,2,,1,,,2,,,,,
1175,4,7,1,,6,1,,,,,,,,,,,
1176,1,1,,1,,1,,,1,,,,,,,,
1177,1,4,1,1,4,1,,,,2,,,,,,,
1178,2,3,1,1,,2,,,3,2,,,1,,,,
1179,,,,2,1,1,,,3,1,1,,,,,,
1180,2,7,5,,3,4,1,1,1,,,,1,,,,
1181,2,3,,1,3,2,,,,1,,1,,,,,
1182,1,1,,1,1,1,,,3,1,1,,,,,,
1183,4,4,3,1,1,2,1,2,1,1,,1,2,,,,
1184,5,5,4,3,2,2,2,3,2,1,1,,,,,,
1185,3,2,,,1,1,,,,1,,1,1,,,,
1186,5,9,,2,8,4,,,2,1,,1,,,,,
1187,2,2,1,,1,,,,,1,,,,,,,
1188,1,2,,1,3,1,,2,1,1,,2,,,,,
1189,3,2,2,4,2,2,1,2,3,,,,,,,,
1190,1,2,1,1,2,2,1,3,2,3,1,,,,,,
1191,7,6,,3,4,3,,,1,,,4,,,,,
1192,1,1,,1,,1,,2,1,,,,,,,,
1193,,1,1,1,,2,1,,1,,,1,,,,,
1194,1,1,1,1,1,,,,1,,,,,,,,
1195,5,7,1,3,3,2,,,4,1,,,,,,,
1196,1,2,,5,1,1,1,,2,,1,,,,,,
1197,9,14,6,12,16,6,2,4,14,2,2,,1,,,,
1198,1,1,1,1,1,1,,,1,,,,,,,,
1199,1,2,1,1,1,1,,1,,1,,,,,,,
